{
    "codellama-7b-instruct": {
        "P_DM_numerator": 1248,
        "P_DM_denominator": 9447,
        "R_DM_numerator": 1248,
        "R_DM_denominator": 2236,
        "EM_numerator": 78,
        "EM_denominator": 1953,
        "EX_numerator": 271,
        "EX_denominator": 1953,
        "F1_DM": 0.21364375588461865,
        "EM": 0.039938556067588324,
        "EX": 0.13876088069636458
    },
    "deepseek-coder-6.7b-instruct": {
        "P_DM_numerator": 1242,
        "P_DM_denominator": 6847,
        "R_DM_numerator": 1242,
        "R_DM_denominator": 2236,
        "EM_numerator": 141,
        "EM_denominator": 1953,
        "EX_numerator": 502,
        "EX_denominator": 1953,
        "F1_DM": 0.27347792579544206,
        "EM": 0.07219662058371736,
        "EX": 0.2570404505888377
    },
    "deepseek-r1-8b-llama-distill-q8_0": {
        "P_DM_numerator": 976,
        "P_DM_denominator": 4393,
        "R_DM_numerator": 976,
        "R_DM_denominator": 2236,
        "EM_numerator": 179,
        "EM_denominator": 1953,
        "EX_numerator": 348,
        "EX_denominator": 1953,
        "F1_DM": 0.2944637200181023,
        "EM": 0.09165386584741424,
        "EX": 0.1781874039938556
    },
    "gpt-3.5-turbo": {
        "P_DM_numerator": 1492,
        "P_DM_denominator": 2984,
        "R_DM_numerator": 1492,
        "R_DM_denominator": 2236,
        "EM_numerator": 183,
        "EM_denominator": 1953,
        "EX_numerator": 1091,
        "EX_denominator": 1953,
        "F1_DM": 0.571647509578544,
        "EM": 0.09370199692780339,
        "EX": 0.5586277521761392
    },
    "sqlglot": {
        "P_DM_numerator": 0,
        "P_DM_denominator": 0,
        "R_DM_numerator": 0,
        "R_DM_denominator": 0,
        "EM_numerator": 583,
        "EM_denominator": 1953,
        "EX_numerator": 957,
        "EX_denominator": 1953,
        "F1_DM": 0,
        "EM": 0.29851510496671785,
        "EX": 0.49001536098310294
    }
}